{"cameraMode":{"drawMode":0,"name":"Shaded","section":"Shading Mode"},"sceneLighting":false,"audioPlay":false,"sceneViewState":{"m_AlwaysRefresh":false,"showFog":true,"showSkybox":false,"showFlares":true,"showImageEffects":true,"showParticleSystems":true,"showVisualEffectGraphs":true,"m_FxEnabled":true},"in2DMode":false,"pivot":{"x":-0.5874775648117065,"y":1.1932495832443238,"z":0.0045730844140052799},"rotation":{"x":0.06250187009572983,"y":0.9326291680335999,"z":-0.2828839123249054,"w":0.21811747550964356},"size":1.365695595741272,"orthographic":false}