{"cameraMode":{"drawMode":0,"name":"Shaded","section":"Shading Mode"},"sceneLighting":false,"audioPlay":false,"sceneViewState":{"m_AlwaysRefresh":false,"showFog":true,"showSkybox":false,"showFlares":true,"showImageEffects":true,"showParticleSystems":true,"showVisualEffectGraphs":true,"m_FxEnabled":true},"in2DMode":false,"pivot":{"x":118.93818664550781,"y":0.12192440032958985,"z":20.23959732055664},"rotation":{"x":0.4512512981891632,"y":0.062388692051172259,"z":-0.03566526249051094,"w":0.8900017142295837},"size":5.934922695159912,"orthographic":false}