{"cameraMode":{"drawMode":0,"name":"Shaded","section":"Shading Mode"},"sceneLighting":false,"audioPlay":false,"sceneViewState":{"m_AlwaysRefresh":false,"showFog":true,"showSkybox":false,"showFlares":true,"showImageEffects":true,"showParticleSystems":true,"showVisualEffectGraphs":true,"m_FxEnabled":true},"in2DMode":false,"pivot":{"x":0.0004119873046875,"y":-0.20027703046798707,"z":-0.5317981243133545},"rotation":{"x":0.12558433413505555,"y":0.867102861404419,"z":-0.2909323275089264,"w":0.38603106141090395},"size":9.248425483703614,"orthographic":false}