{"cameraMode":{"drawMode":0,"name":"Shaded","section":"Shading Mode"},"sceneLighting":false,"audioPlay":false,"sceneViewState":{"m_AlwaysRefresh":false,"showFog":false,"showSkybox":false,"showFlares":false,"showImageEffects":false,"showParticleSystems":false,"showVisualEffectGraphs":true,"m_FxEnabled":true},"in2DMode":false,"pivot":{"x":1.1920928955078126e-7,"y":0.8434802293777466,"z":-0.043824873864650729},"rotation":{"x":-0.12643636763095857,"y":0.8672645092010498,"z":-0.39198458194732668,"w":-0.2797185778617859},"size":1.0842700004577637,"orthographic":false}