{"cameraMode":{"drawMode":0,"name":"Shaded","section":"Shading Mode"},"sceneLighting":false,"audioPlay":false,"sceneViewState":{"m_AlwaysRefresh":false,"showFog":true,"showSkybox":false,"showFlares":true,"showImageEffects":true,"showParticleSystems":true,"showVisualEffectGraphs":true,"m_FxEnabled":true},"in2DMode":false,"pivot":{"x":0.09241294860839844,"y":24.019121170043947,"z":0.18535661697387696},"rotation":{"x":-0.06527652591466904,"y":-0.9337043762207031,"z":0.2631824016571045,"w":-0.23537448048591615},"size":29.91530990600586,"orthographic":false}