{"cameraMode":{"drawMode":0,"name":"Shaded","section":"Shading Mode"},"sceneLighting":false,"audioPlay":false,"sceneViewState":{"m_AlwaysRefresh":false,"showFog":true,"showSkybox":false,"showFlares":true,"showImageEffects":true,"showParticleSystems":true,"showVisualEffectGraphs":true,"m_FxEnabled":true},"in2DMode":false,"pivot":{"x":1.1920928955078126e-7,"y":0.049847811460494998,"z":0.10632908344268799},"rotation":{"x":0.24935667216777802,"y":0.009838530793786049,"z":-0.0027225667145103218,"w":0.968492329120636},"size":5.697084903717041,"orthographic":false}