{"cameraMode":{"drawMode":0,"name":"Shaded","section":"Shading Mode"},"sceneLighting":false,"audioPlay":false,"sceneViewState":{"m_AlwaysRefresh":false,"showFog":true,"showSkybox":false,"showFlares":true,"showImageEffects":true,"showParticleSystems":true,"showVisualEffectGraphs":true,"m_FxEnabled":true},"in2DMode":false,"pivot":{"x":0.05360358953475952,"y":0.4797876477241516,"z":0.02524539828300476},"rotation":{"x":-0.5462107062339783,"y":-0.12250600010156632,"z":0.08239445090293884,"w":-0.824971616268158},"size":0.7352818250656128,"orthographic":false}