{"cameraMode":{"drawMode":0,"name":"Shaded","section":"Shading Mode"},"sceneLighting":false,"audioPlay":false,"sceneViewState":{"m_AlwaysRefresh":false,"showFog":true,"showSkybox":false,"showFlares":true,"showImageEffects":true,"showParticleSystems":true,"showVisualEffectGraphs":true,"m_FxEnabled":true},"in2DMode":false,"pivot":{"x":-7.767728328704834,"y":0.011850833892822266,"z":-1.273979663848877},"rotation":{"x":0.07854167371988297,"y":-0.9236825704574585,"z":0.2894827425479889,"w":0.23995842039585114},"size":14.507319450378418,"orthographic":false}