{"cameraMode":{"drawMode":0,"name":"Shaded","section":"Shading Mode"},"sceneLighting":false,"audioPlay":false,"sceneViewState":{"m_AlwaysRefresh":false,"showFog":true,"showSkybox":false,"showFlares":true,"showImageEffects":true,"showParticleSystems":true,"showVisualEffectGraphs":true,"m_FxEnabled":true},"in2DMode":false,"pivot":{"x":118.93818664550781,"y":0.12192440032958985,"z":20.23959732055664},"rotation":{"x":-0.20630621910095216,"y":-0.6829610466957092,"z":0.21535682678222657,"w":-0.6673641800880432},"size":4.047095775604248,"orthographic":false}