{"cameraMode":{"drawMode":0,"name":"Shaded","section":"Shading Mode"},"sceneLighting":false,"audioPlay":false,"sceneViewState":{"m_AlwaysRefresh":false,"showFog":true,"showSkybox":false,"showFlares":true,"showImageEffects":true,"showParticleSystems":true,"showVisualEffectGraphs":true,"m_FxEnabled":true},"in2DMode":false,"pivot":{"x":0.002028942108154297,"y":-0.5714833736419678,"z":-0.07372361421585083},"rotation":{"x":0.12623441219329835,"y":0.8688210844993591,"z":-0.37033039331436159,"w":0.3055680990219116},"size":2.8088762760162355,"orthographic":false}