{"cameraMode":{"drawMode":0,"name":"Shaded","section":"Shading Mode"},"sceneLighting":false,"audioPlay":false,"sceneViewState":{"m_AlwaysRefresh":false,"showFog":true,"showSkybox":false,"showFlares":true,"showImageEffects":true,"showParticleSystems":true,"showVisualEffectGraphs":true,"m_FxEnabled":true},"in2DMode":false,"pivot":{"x":1.1920928955078126e-7,"y":0.8497446775436401,"z":-0.023014545440673829},"rotation":{"x":0.0475633330643177,"y":0.9427884221076965,"z":-0.28577524423599245,"w":0.1688792109489441},"size":1.4222533702850342,"orthographic":false}