{"cameraMode":{"drawMode":0,"name":"Shaded","section":"Shading Mode"},"sceneLighting":false,"audioPlay":false,"sceneViewState":{"m_AlwaysRefresh":false,"showFog":true,"showSkybox":false,"showFlares":true,"showImageEffects":true,"showParticleSystems":true,"showVisualEffectGraphs":true,"m_FxEnabled":true},"in2DMode":false,"pivot":{"x":0.22511053085327149,"y":0.7129526138305664,"z":40.01426315307617},"rotation":{"x":-0.43196988105773928,"y":0.5610031485557556,"z":-0.4353533983230591,"w":-0.5565525889396668},"size":30.394329071044923,"orthographic":false}