{"cameraMode":{"drawMode":0,"name":"Shaded","section":"Shading Mode"},"sceneLighting":true,"audioPlay":false,"sceneViewState":{"m_AlwaysRefresh":false,"showFog":true,"showSkybox":true,"showFlares":true,"showImageEffects":true,"showParticleSystems":true,"showVisualEffectGraphs":true,"m_FxEnabled":true},"in2DMode":false,"pivot":{"x":-790.0374145507813,"y":26.332651138305665,"z":-923.5159912109375},"rotation":{"x":-0.29082855582237246,"y":0.07451082020998001,"z":-0.014564485289156437,"w":-0.9543327689170837},"size":19.02462387084961,"orthographic":false}