{"cameraMode":{"drawMode":0,"name":"Shaded","section":"Shading Mode"},"sceneLighting":false,"audioPlay":false,"sceneViewState":{"m_AlwaysRefresh":false,"showFog":true,"showSkybox":false,"showFlares":true,"showImageEffects":true,"showParticleSystems":true,"showVisualEffectGraphs":true,"m_FxEnabled":true},"in2DMode":false,"pivot":{"x":1.954385757446289,"y":0.10788428783416748,"z":1.2149217128753663},"rotation":{"x":0.21226181089878083,"y":0.46740609407424929,"z":-0.12388592213392258,"w":0.8499292731285095},"size":4.29714822769165,"orthographic":false}