{"cameraMode":{"drawMode":0,"name":"Shaded","section":"Shading Mode"},"sceneLighting":false,"audioPlay":false,"sceneViewState":{"m_AlwaysRefresh":false,"showFog":true,"showSkybox":false,"showFlares":true,"showImageEffects":true,"showParticleSystems":true,"showVisualEffectGraphs":true,"m_FxEnabled":true},"in2DMode":false,"pivot":{"x":0.009217143058776856,"y":0.09032681584358216,"z":0.059040188789367679},"rotation":{"x":-0.042585257440805438,"y":0.9611387848854065,"z":-0.22872477769851685,"w":-0.1527496576309204},"size":1.383027195930481,"orthographic":false}