{"cameraMode":{"drawMode":0,"name":"Shaded","section":"Shading Mode"},"sceneLighting":false,"audioPlay":false,"sceneViewState":{"m_AlwaysRefresh":false,"showFog":true,"showSkybox":false,"showFlares":true,"showImageEffects":true,"showParticleSystems":true,"showVisualEffectGraphs":true,"m_FxEnabled":true},"in2DMode":false,"pivot":{"x":3.177428722381592,"y":-2.6722006797790529,"z":0.00000762939453125},"rotation":{"x":0.12623441219329835,"y":0.8688210844993591,"z":-0.37033039331436159,"w":0.3055680990219116},"size":5.918519973754883,"orthographic":false}