{"cameraMode":{"drawMode":0,"name":"Shaded","section":"Shading Mode"},"sceneLighting":false,"audioPlay":false,"sceneViewState":{"m_AlwaysRefresh":false,"showFog":true,"showSkybox":false,"showFlares":true,"showImageEffects":true,"showParticleSystems":true,"showVisualEffectGraphs":true,"m_FxEnabled":true},"in2DMode":false,"pivot":{"x":0.43776392936706545,"y":1.5151472091674805,"z":0.06403255462646485},"rotation":{"x":0.05416709557175636,"y":0.9403452277183533,"z":-0.2728685736656189,"w":0.1991487592458725},"size":4.074013710021973,"orthographic":false}