{"cameraMode":{"drawMode":0,"name":"Shaded","section":"Shading Mode"},"sceneLighting":false,"audioPlay":false,"sceneViewState":{"m_AlwaysRefresh":false,"showFog":true,"showSkybox":false,"showFlares":true,"showImageEffects":true,"showParticleSystems":true,"showVisualEffectGraphs":true,"m_FxEnabled":true},"in2DMode":false,"pivot":{"x":4.76837158203125e-7,"y":1.3508810997009278,"z":0.000003814697265625},"rotation":{"x":0.0475633330643177,"y":0.9427884221076965,"z":-0.28577524423599245,"w":0.1688792109489441},"size":4.074013710021973,"orthographic":false}