{"cameraMode":{"drawMode":0,"name":"Shaded","section":"Shading Mode"},"sceneLighting":false,"audioPlay":false,"sceneViewState":{"m_AlwaysRefresh":false,"showFog":true,"showSkybox":false,"showFlares":true,"showImageEffects":true,"showParticleSystems":true,"showVisualEffectGraphs":true,"m_FxEnabled":true},"in2DMode":false,"pivot":{"x":-0.09567597508430481,"y":1.2068308591842652,"z":-0.0625632107257843},"rotation":{"x":0.049680985510349277,"y":-0.9108358025550842,"z":0.11349234730005264,"w":0.3939609229564667},"size":0.6464658975601196,"orthographic":false}