{"cameraMode":{"drawMode":0,"name":"Shaded","section":"Shading Mode"},"sceneLighting":false,"audioPlay":false,"sceneViewState":{"m_AlwaysRefresh":false,"showFog":true,"showSkybox":false,"showFlares":true,"showImageEffects":true,"showParticleSystems":true,"showVisualEffectGraphs":true,"m_FxEnabled":true},"in2DMode":false,"pivot":{"x":-14.995285034179688,"y":0.1939355581998825,"z":15.126102447509766},"rotation":{"x":0.12623441219329835,"y":0.8688210844993591,"z":-0.37033039331436159,"w":0.3055680990219116},"size":21.214311599731447,"orthographic":false}