{"cameraMode":{"drawMode":0,"name":"Shaded","section":"Shading Mode"},"sceneLighting":false,"audioPlay":false,"sceneViewState":{"m_AlwaysRefresh":false,"showFog":true,"showSkybox":false,"showFlares":true,"showImageEffects":true,"showParticleSystems":true,"showVisualEffectGraphs":true,"m_FxEnabled":true},"in2DMode":false,"pivot":{"x":0.0001049041748046875,"y":2.9008078575134279,"z":-1.465627670288086},"rotation":{"x":0.008620274253189564,"y":-0.9946327209472656,"z":-0.08654268831014633,"w":-0.0623355470597744},"size":10.767645835876465,"orthographic":false}