{"cameraMode":{"drawMode":0,"name":"Shaded","section":"Shading Mode"},"sceneLighting":false,"audioPlay":false,"sceneViewState":{"m_AlwaysRefresh":false,"showFog":true,"showSkybox":false,"showFlares":true,"showImageEffects":true,"showParticleSystems":true,"showVisualEffectGraphs":true,"m_FxEnabled":true},"in2DMode":false,"pivot":{"x":-0.0004916191101074219,"y":0.8952161073684692,"z":-0.041320741176605228},"rotation":{"x":0.01790711097419262,"y":-0.9851099252700806,"z":0.10638602823019028,"w":0.1366083025932312},"size":1.4558167457580567,"orthographic":false}