{"cameraMode":{"drawMode":0,"name":"Shaded","section":"Shading Mode"},"sceneLighting":false,"audioPlay":false,"sceneViewState":{"m_AlwaysRefresh":false,"showFog":true,"showSkybox":false,"showFlares":true,"showImageEffects":true,"showParticleSystems":true,"showVisualEffectGraphs":true,"m_FxEnabled":true},"in2DMode":false,"pivot":{"x":0.1655195951461792,"y":0.015203319489955902,"z":0.13474884629249574},"rotation":{"x":-0.07653900980949402,"y":0.8217335343360901,"z":-0.1129022166132927,"w":-0.5535247921943665},"size":0.3814716935157776,"orthographic":false}