{"cameraMode":{"drawMode":0,"name":"Shaded","section":"Shading Mode"},"sceneLighting":false,"audioPlay":false,"sceneViewState":{"m_AlwaysRefresh":false,"showFog":true,"showSkybox":false,"showFlares":true,"showImageEffects":true,"showParticleSystems":true,"showVisualEffectGraphs":true,"m_FxEnabled":true},"in2DMode":false,"pivot":{"x":-0.06234012544155121,"y":-8.812509536743164,"z":0.02751229703426361},"rotation":{"x":0.048514097929000857,"y":0.9485744833946228,"z":-0.222139373421669,"w":0.22314424812793733},"size":0.3671344220638275,"orthographic":false}