{"cameraMode":{"drawMode":0,"name":"Shaded","section":"Shading Mode"},"sceneLighting":false,"audioPlay":false,"sceneViewState":{"m_AlwaysRefresh":false,"showFog":true,"showSkybox":false,"showFlares":true,"showImageEffects":true,"showParticleSystems":true,"showVisualEffectGraphs":true,"m_FxEnabled":true},"in2DMode":false,"pivot":{"x":-0.006722152233123779,"y":-0.2543599307537079,"z":-0.035352349281311038},"rotation":{"x":0.03351879119873047,"y":-0.9597669243812561,"z":0.11346791684627533,"w":0.25610169768333437},"size":1.0714285373687745,"orthographic":false}