{"cameraMode":{"drawMode":0,"name":"Shaded","section":"Shading Mode"},"sceneLighting":false,"audioPlay":false,"sceneViewState":{"m_AlwaysRefresh":false,"showFog":true,"showSkybox":false,"showFlares":true,"showImageEffects":true,"showParticleSystems":true,"showVisualEffectGraphs":true,"m_FxEnabled":true},"in2DMode":false,"pivot":{"x":-0.000004291534423828125,"y":0.8434177041053772,"z":-0.05671495199203491},"rotation":{"x":0.0475633330643177,"y":0.9427884221076965,"z":-0.28577524423599245,"w":0.1688792109489441},"size":1.420640230178833,"orthographic":false}