{"cameraMode":{"drawMode":0,"name":"Shaded","section":"Shading Mode"},"sceneLighting":false,"audioPlay":false,"sceneViewState":{"m_AlwaysRefresh":false,"showFog":true,"showSkybox":false,"showFlares":true,"showImageEffects":true,"showParticleSystems":true,"showVisualEffectGraphs":true,"m_FxEnabled":true},"in2DMode":false,"pivot":{"x":0.021540522575378419,"y":0.13857442140579225,"z":-0.08277475833892822},"rotation":{"x":-0.06527652591466904,"y":-0.9337043762207031,"z":0.2631824016571045,"w":-0.23537448048591615},"size":1.5921834707260132,"orthographic":false}