{"cameraMode":{"drawMode":0,"name":"Shaded","section":"Shading Mode"},"sceneLighting":false,"audioPlay":false,"sceneViewState":{"m_AlwaysRefresh":false,"showFog":true,"showSkybox":false,"showFlares":true,"showImageEffects":true,"showParticleSystems":true,"showVisualEffectGraphs":true,"m_FxEnabled":true},"in2DMode":false,"pivot":{"x":-0.6962565183639526,"y":-0.13845068216323853,"z":2.1969237327575685},"rotation":{"x":0.1336246281862259,"y":0.25087422132492068,"z":-0.04122697189450264,"w":0.9585181474685669},"size":4.266081809997559,"orthographic":false}