{"cameraMode":{"drawMode":0,"name":"Shaded","section":"Shading Mode"},"sceneLighting":false,"audioPlay":false,"sceneViewState":{"m_AlwaysRefresh":false,"showFog":true,"showSkybox":false,"showFlares":true,"showImageEffects":true,"showParticleSystems":true,"showVisualEffectGraphs":true,"m_FxEnabled":true},"in2DMode":false,"pivot":{"x":-0.00023984909057617188,"y":0.13874852657318116,"z":-0.004078388214111328},"rotation":{"x":0.005065736826509237,"y":-0.991753876209259,"z":0.1301250457763672,"w":0.014603081159293652},"size":7.190674304962158,"orthographic":false}