{"cameraMode":{"drawMode":0,"name":"Shaded","section":"Shading Mode"},"sceneLighting":false,"audioPlay":false,"sceneViewState":{"m_AlwaysRefresh":false,"showFog":true,"showSkybox":false,"showFlares":true,"showImageEffects":true,"showParticleSystems":true,"showVisualEffectGraphs":true,"m_FxEnabled":true},"in2DMode":false,"pivot":{"x":0.15785980224609376,"y":3.573267936706543,"z":0.06851387023925781},"rotation":{"x":0.2619878947734833,"y":-0.11792048811912537,"z":0.03171944618225098,"w":0.9575794339179993},"size":44.227481842041019,"orthographic":false}