{"cameraMode":{"drawMode":0,"name":"Shaded","section":"Shading Mode"},"sceneLighting":false,"audioPlay":false,"sceneViewState":{"m_AlwaysRefresh":false,"showFog":true,"showSkybox":false,"showFlares":true,"showImageEffects":true,"showParticleSystems":true,"showVisualEffectGraphs":true,"m_FxEnabled":true},"in2DMode":false,"pivot":{"x":0.019239425659179689,"y":6.204456806182861,"z":0.06851387023925781},"rotation":{"x":0.3195056915283203,"y":-0.20219746232032777,"z":0.06940857321023941,"w":0.9234296679496765},"size":45.0235481262207,"orthographic":false}