{"cameraMode":{"drawMode":0,"name":"Shaded","section":"Shading Mode"},"sceneLighting":false,"audioPlay":false,"sceneViewState":{"m_AlwaysRefresh":false,"showFog":true,"showSkybox":false,"showFlares":true,"showImageEffects":true,"showParticleSystems":true,"showVisualEffectGraphs":true,"m_FxEnabled":true},"in2DMode":false,"pivot":{"x":-0.07032294571399689,"y":1.134031891822815,"z":-0.1706739068031311},"rotation":{"x":-0.007985973730683327,"y":-0.9842154383659363,"z":0.16711390018463136,"w":-0.06391572207212448},"size":0.8704280853271484,"orthographic":false}