{"cameraMode":{"drawMode":0,"name":"Shaded","section":"Shading Mode"},"sceneLighting":false,"audioPlay":false,"sceneViewState":{"m_AlwaysRefresh":false,"showFog":true,"showSkybox":false,"showFlares":true,"showImageEffects":true,"showParticleSystems":true,"showVisualEffectGraphs":true,"m_FxEnabled":true},"in2DMode":false,"pivot":{"x":104.31967163085938,"y":0.2622743844985962,"z":19.665145874023439},"rotation":{"x":-0.37279799580574038,"y":0.32182613015174868,"z":-0.1364421546459198,"w":-0.8601311445236206},"size":20.06743812561035,"orthographic":false}