{"cameraMode":{"drawMode":0,"name":"Shaded","section":"Shading Mode"},"sceneLighting":false,"audioPlay":false,"sceneViewState":{"m_AlwaysRefresh":false,"showFog":true,"showSkybox":false,"showFlares":true,"showImageEffects":true,"showParticleSystems":true,"showVisualEffectGraphs":true,"m_FxEnabled":true},"in2DMode":false,"pivot":{"x":103.09852600097656,"y":3.0439062118530275,"z":24.938112258911134},"rotation":{"x":-0.08194458484649658,"y":-0.871346116065979,"z":0.16129128634929658,"w":-0.4572514593601227},"size":3.1029586791992189,"orthographic":false}