{"cameraMode":{"drawMode":0,"name":"Shaded","section":"Shading Mode"},"sceneLighting":false,"audioPlay":false,"sceneViewState":{"m_AlwaysRefresh":false,"showFog":true,"showSkybox":false,"showFlares":true,"showImageEffects":true,"showParticleSystems":true,"showVisualEffectGraphs":true,"m_FxEnabled":true},"in2DMode":false,"pivot":{"x":0.06036262959241867,"y":0.6036654114723206,"z":0.6715666651725769},"rotation":{"x":0.03841731324791908,"y":0.9179413914680481,"z":-0.10469916462898255,"w":0.3823898732662201},"size":1.0760724544525147,"orthographic":false}