{"cameraMode":{"drawMode":0,"name":"Shaded","section":"Shading Mode"},"sceneLighting":false,"audioPlay":false,"sceneViewState":{"m_AlwaysRefresh":false,"showFog":true,"showSkybox":false,"showFlares":true,"showImageEffects":true,"showParticleSystems":true,"showVisualEffectGraphs":true,"m_FxEnabled":true},"in2DMode":false,"pivot":{"x":-0.5762461423873901,"y":0.8976885080337524,"z":-0.49906420707702639},"rotation":{"x":0.03351879119873047,"y":-0.9597669243812561,"z":0.11346791684627533,"w":0.25610169768333437},"size":1.419344186782837,"orthographic":false}