{"cameraMode":{"drawMode":0,"name":"Shaded","section":"Shading Mode"},"sceneLighting":false,"audioPlay":false,"sceneViewState":{"m_AlwaysRefresh":false,"showFog":true,"showSkybox":false,"showFlares":true,"showImageEffects":true,"showParticleSystems":true,"showVisualEffectGraphs":true,"m_FxEnabled":true},"in2DMode":false,"pivot":{"x":-0.20728564262390138,"y":1.0040063858032227,"z":0.45297884941101076},"rotation":{"x":0.12623441219329835,"y":0.8688210844993591,"z":-0.37033039331436159,"w":0.3055680990219116},"size":4.6872334480285648,"orthographic":false}