{"cameraMode":{"drawMode":0,"name":"Shaded","section":"Shading Mode"},"sceneLighting":true,"audioPlay":false,"sceneViewState":{"m_AlwaysRefresh":false,"showFog":true,"showSkybox":true,"showFlares":true,"showImageEffects":true,"showParticleSystems":true,"showVisualEffectGraphs":true,"m_FxEnabled":true},"in2DMode":false,"pivot":{"x":-1.9429816007614136,"y":4.738595962524414,"z":-6.105813980102539},"rotation":{"x":0.5891892910003662,"y":-0.02007160894572735,"z":0.014686480164527893,"w":0.8075652718544006},"size":10.562417984008789,"orthographic":false}