{"cameraMode":{"drawMode":0,"name":"Shaded","section":"Shading Mode"},"sceneLighting":false,"audioPlay":false,"sceneViewState":{"m_AlwaysRefresh":false,"showFog":true,"showSkybox":false,"showFlares":true,"showImageEffects":true,"showParticleSystems":true,"showVisualEffectGraphs":true,"m_FxEnabled":true},"in2DMode":false,"pivot":{"x":1.7866225242614747,"y":0.9392890930175781,"z":0.47091007232666018},"rotation":{"x":0.1997256726026535,"y":0.5171061754226685,"z":-0.13298244774341584,"w":0.822360098361969},"size":2.7971484661102297,"orthographic":false}