{"cameraMode":{"drawMode":0,"name":"Shaded","section":"Shading Mode"},"sceneLighting":false,"audioPlay":false,"sceneViewState":{"m_AlwaysRefresh":false,"showFog":true,"showSkybox":false,"showFlares":true,"showImageEffects":true,"showParticleSystems":true,"showVisualEffectGraphs":true,"m_FxEnabled":true},"in2DMode":false,"pivot":{"x":120.22257232666016,"y":1.4258947372436524,"z":20.865436553955079},"rotation":{"x":-0.19016313552856446,"y":-0.05377838388085365,"z":0.013294859789311886,"w":-0.9805723428726196},"size":4.7226080894470219,"orthographic":false}