{"cameraMode":{"drawMode":0,"name":"Shaded","section":"Shading Mode"},"sceneLighting":false,"audioPlay":false,"sceneViewState":{"m_AlwaysRefresh":false,"showFog":true,"showSkybox":false,"showFlares":true,"showImageEffects":true,"showParticleSystems":true,"showVisualEffectGraphs":true,"m_FxEnabled":true},"in2DMode":false,"pivot":{"x":121.29907989501953,"y":0.2586715817451477,"z":23.240318298339845},"rotation":{"x":0.15818268060684205,"y":0.03480815887451172,"z":-0.00915239192545414,"w":0.9872092604637146},"size":5.634922504425049,"orthographic":false}