{"cameraMode":{"drawMode":0,"name":"Shaded","section":"Shading Mode"},"sceneLighting":false,"audioPlay":false,"sceneViewState":{"m_AlwaysRefresh":false,"showFog":true,"showSkybox":false,"showFlares":true,"showImageEffects":true,"showParticleSystems":true,"showVisualEffectGraphs":true,"m_FxEnabled":true},"in2DMode":false,"pivot":{"x":0.2632310390472412,"y":-3.3616228103637697,"z":0.6517906188964844},"rotation":{"x":-0.3817312717437744,"y":-0.11375290900468826,"z":0.047655876725912097,"w":-0.9162003397941589},"size":9.482247352600098,"orthographic":false}