{"cameraMode":{"drawMode":0,"name":"Shaded","section":"Shading Mode"},"sceneLighting":false,"audioPlay":false,"sceneViewState":{"m_AlwaysRefresh":false,"showFog":true,"showSkybox":false,"showFlares":true,"showImageEffects":true,"showParticleSystems":true,"showVisualEffectGraphs":true,"m_FxEnabled":true},"in2DMode":false,"pivot":{"x":0.24467961490154267,"y":0.3896099328994751,"z":0.34258514642715456},"rotation":{"x":-0.4032457768917084,"y":0.2556440532207489,"z":-0.1180470660328865,"w":-0.8710431456565857},"size":5.066025733947754,"orthographic":false}