{"cameraMode":{"drawMode":0,"name":"Shaded","section":"Shading Mode"},"sceneLighting":false,"audioPlay":false,"sceneViewState":{"m_AlwaysRefresh":false,"showFog":true,"showSkybox":false,"showFlares":true,"showImageEffects":true,"showParticleSystems":true,"showVisualEffectGraphs":true,"m_FxEnabled":true},"in2DMode":false,"pivot":{"x":1.1920928955078126e-7,"y":0.8933267593383789,"z":-0.020856529474258424},"rotation":{"x":0.03351879119873047,"y":-0.9597669243812561,"z":0.11346791684627533,"w":0.25610169768333437},"size":1.4511960744857789,"orthographic":false}