{"cameraMode":{"drawMode":0,"name":"Shaded","section":"Shading Mode"},"sceneLighting":false,"audioPlay":false,"sceneViewState":{"m_AlwaysRefresh":false,"showFog":true,"showSkybox":false,"showFlares":true,"showImageEffects":true,"showParticleSystems":true,"showVisualEffectGraphs":true,"m_FxEnabled":true},"in2DMode":false,"pivot":{"x":-0.1915624737739563,"y":1.5536710023880005,"z":-0.42205438017845156},"rotation":{"x":0.008594810962677002,"y":-0.9942070841789246,"z":0.0940607488155365,"w":0.05806621164083481},"size":1.1504336595535279,"orthographic":false}