{"cameraMode":{"drawMode":0,"name":"Shaded","section":"Shading Mode"},"sceneLighting":false,"audioPlay":false,"sceneViewState":{"m_AlwaysRefresh":false,"showFog":true,"showSkybox":false,"showFlares":true,"showImageEffects":true,"showParticleSystems":true,"showVisualEffectGraphs":true,"m_FxEnabled":true},"in2DMode":false,"pivot":{"x":0.42627227306365969,"y":0.6312595009803772,"z":0.4237728714942932},"rotation":{"x":0.15807893872261048,"y":-0.08952732384204865,"z":0.010798294097185135,"w":0.983757495880127},"size":1.7454322576522828,"orthographic":false}