{"cameraMode":{"drawMode":0,"name":"Shaded","section":"Shading Mode"},"sceneLighting":false,"audioPlay":false,"sceneViewState":{"m_AlwaysRefresh":false,"showFog":true,"showSkybox":false,"showFlares":true,"showImageEffects":true,"showParticleSystems":true,"showVisualEffectGraphs":true,"m_FxEnabled":true},"in2DMode":false,"pivot":{"x":4.436461448669434,"y":-15.607383728027344,"z":-22.051719665527345},"rotation":{"x":-0.49072906374931338,"y":0.05257394164800644,"z":-0.029001088812947274,"w":-0.8698926568031311},"size":68.98721313476563,"orthographic":false}