{"cameraMode":{"drawMode":0,"name":"Shaded","section":"Shading Mode"},"sceneLighting":false,"audioPlay":false,"sceneViewState":{"m_AlwaysRefresh":false,"showFog":true,"showSkybox":false,"showFlares":true,"showImageEffects":true,"showParticleSystems":true,"showVisualEffectGraphs":true,"m_FxEnabled":true},"in2DMode":false,"pivot":{"x":0.3595065176486969,"y":0.2844417095184326,"z":1.0024847984313965},"rotation":{"x":0.3001662790775299,"y":0.41120579838752749,"z":-0.14997388422489167,"w":0.8480690121650696},"size":5.794704914093018,"orthographic":false}