{"cameraMode":{"drawMode":0,"name":"Shaded","section":"Shading Mode"},"sceneLighting":false,"audioPlay":false,"sceneViewState":{"m_AlwaysRefresh":false,"showFog":true,"showSkybox":false,"showFlares":true,"showImageEffects":true,"showParticleSystems":true,"showVisualEffectGraphs":true,"m_FxEnabled":true},"in2DMode":false,"pivot":{"x":117.99481964111328,"y":0.6891274452209473,"z":21.57293128967285},"rotation":{"x":0.23993830382823945,"y":-0.017153162509202958,"z":-0.0019843350164592268,"w":0.9712787866592407},"size":5.934922695159912,"orthographic":false}