{"cameraMode":{"drawMode":0,"name":"Shaded","section":"Shading Mode"},"sceneLighting":false,"audioPlay":false,"sceneViewState":{"m_AlwaysRefresh":false,"showFog":true,"showSkybox":false,"showFlares":true,"showImageEffects":true,"showParticleSystems":true,"showVisualEffectGraphs":true,"m_FxEnabled":true},"in2DMode":false,"pivot":{"x":118.85633087158203,"y":0.28905177116394045,"z":20.809274673461915},"rotation":{"x":-0.27536240220069888,"y":0.2429114133119583,"z":-0.06899522989988327,"w":-0.9279880523681641},"size":3.7777774333953859,"orthographic":false}