{"cameraMode":{"drawMode":0,"name":"Shaded","section":"Shading Mode"},"sceneLighting":false,"audioPlay":false,"sceneViewState":{"m_AlwaysRefresh":false,"showFog":true,"showSkybox":false,"showFlares":true,"showImageEffects":true,"showParticleSystems":true,"showVisualEffectGraphs":true,"m_FxEnabled":true},"in2DMode":false,"pivot":{"x":-10.757051467895508,"y":-3.2640762329101564,"z":-10.796318054199219},"rotation":{"x":0.3195056915283203,"y":-0.20219746232032777,"z":0.06940857321023941,"w":0.9234296679496765},"size":44.951847076416019,"orthographic":false}