{"cameraMode":{"drawMode":0,"name":"Shaded","section":"Shading Mode"},"sceneLighting":true,"audioPlay":false,"sceneViewState":{"m_AlwaysRefresh":false,"showFog":true,"showSkybox":true,"showFlares":true,"showImageEffects":true,"showParticleSystems":true,"showVisualEffectGraphs":true,"m_FxEnabled":true},"in2DMode":false,"pivot":{"x":115.73200988769531,"y":20.93610954284668,"z":44.26316452026367},"rotation":{"x":-0.6535722017288208,"y":-0.025164922699332238,"z":0.023145440965890886,"w":-0.756618857383728},"size":5.6660261154174809,"orthographic":false}