{"cameraMode":{"drawMode":0,"name":"Shaded","section":"Shading Mode"},"sceneLighting":true,"audioPlay":false,"sceneViewState":{"m_AlwaysRefresh":false,"showFog":true,"showSkybox":true,"showFlares":true,"showImageEffects":true,"showParticleSystems":true,"showVisualEffectGraphs":true,"m_FxEnabled":true},"in2DMode":false,"pivot":{"x":104.75560760498047,"y":-3.6355133056640627,"z":2.20401668548584},"rotation":{"x":-0.6412950754165649,"y":-0.0031044872011989357,"z":0.008283515460789204,"w":-0.768094539642334},"size":41.891876220703128,"orthographic":false}