{"cameraMode":{"drawMode":0,"name":"Shaded","section":"Shading Mode"},"sceneLighting":true,"audioPlay":false,"sceneViewState":{"m_AlwaysRefresh":false,"showFog":true,"showSkybox":true,"showFlares":true,"showImageEffects":true,"showParticleSystems":true,"showVisualEffectGraphs":true,"m_FxEnabled":true},"in2DMode":false,"pivot":{"x":0.8523403406143189,"y":-1.9020873308181763,"z":0.14876019954681397},"rotation":{"x":-0.24344724416732789,"y":-0.2572755217552185,"z":0.06732161343097687,"w":-0.9329338669776917},"size":34.60273361206055,"orthographic":false}