{"cameraMode":{"drawMode":0,"name":"Shaded","section":"Shading Mode"},"sceneLighting":true,"audioPlay":false,"sceneViewState":{"m_AlwaysRefresh":false,"showFog":true,"showSkybox":true,"showFlares":true,"showImageEffects":true,"showParticleSystems":true,"showVisualEffectGraphs":true,"m_FxEnabled":true},"in2DMode":false,"pivot":{"x":-0.22147011756896974,"y":0.05749671906232834,"z":0.43908482789993288},"rotation":{"x":0.012063777074217797,"y":-0.9759401082992554,"z":0.21828512847423554,"w":0.032871175557374957},"size":0.930924117565155,"orthographic":false}