{"cameraMode":{"drawMode":0,"name":"Shaded","section":"Shading Mode"},"sceneLighting":true,"audioPlay":false,"sceneViewState":{"m_AlwaysRefresh":false,"showFog":true,"showSkybox":true,"showFlares":true,"showImageEffects":true,"showParticleSystems":true,"showVisualEffectGraphs":true,"m_FxEnabled":true},"in2DMode":false,"pivot":{"x":4.147708892822266,"y":0.2351226806640625,"z":0.7790541648864746},"rotation":{"x":0.6460046768188477,"y":0.012650860473513604,"z":-0.014577677473425866,"w":0.7639342546463013},"size":32.29216384887695,"orthographic":false}